"id";"name";"link";"visited"
1;"Knock Out Martial Arts & Fi...";"http://www.justdial.com/Delhi/Knock-Out-Martial-Arts-Fitness-<near>-Lajpat-Nagar-2-lajpat-Nagar/011PXX11-XX11-111025215010-B4N9_BZDET?xid=RGVsaGkgTWFydGlhbCBBcnQgVHJhaW5pbmcgQ2VudHJlcw==";"1"
2;"Invictus Survival Sciences";"http://www.justdial.com/Delhi/Invictus-Survival-Sciences-<near>-Near-St-Mary-School-Safdarjung-Enclave/011PXX11-XX11-110702113356-D7A6_BZDET?xid=RGVsaGkgTWFydGlhbCBBcnQgVHJhaW5pbmcgQ2VudHJlcw==";"1"
3;"Amit Muaythai Boxing";"http://www.justdial.com/Delhi/Amit-Muaythai-Boxing-<near>-Nehru-Place/011PXX11-XX11-130730182020-V8Q2_BZDET?xid=RGVsaGkgTWFydGlhbCBBcnQgVHJhaW5pbmcgQ2VudHJlcw==";"1"
4;"Mixed Martial Arts Knockout";"http://www.justdial.com/Delhi/Mixed-Martial-Arts-Knockout-<near>-Near-Metro-Station-Gate-Number-2-Lajpat-Nagar/011PXX11-XX11-130926100850-S6Y4_BZDET?xid=RGVsaGkgTWFydGlhbCBBcnQgVHJhaW5pbmcgQ2VudHJlcw==";"1"
5;"SFL Fitness";"http://www.justdial.com/Delhi/SFL-Fitness-<near>-Opposite-Tdi-Paragon-Mall-Wave-Cinema-Rajouri-Garden/011PXX11-XX11-150727154712-Q6R7_BZDET?xid=RGVsaGkgTWFydGlhbCBBcnQgVHJhaW5pbmcgQ2VudHJlcw==";"1"
6;"Amit Thai Boxing Combat";"http://www.justdial.com/Delhi/Amit-Thai-Boxing-Combat-<near>-Near-Preet-Vihar-Metro-Station-Preet-Vihar/011PXX11-XX11-130429153720-H8X7_BZDET?xid=RGVsaGkgTWFydGlhbCBBcnQgVHJhaW5pbmcgQ2VudHJlcw==";"1"
7;"Sanshinkan MMA fitzone";"http://www.justdial.com/Delhi/Sanshinkan-MMA-fitzone-<near>-Opposite-Kerala-School-Near-Janakpuri-West-Metro-Station-Vikaspuri/011PXX11-XX11-130402233242-L4Q4_BZDET?xid=RGVsaGkgTWFydGlhbCBBcnQgVHJhaW5pbmcgQ2VudHJlcw==";"1"
8;"Sanshinkan Karate Internati...";"http://www.justdial.com/Delhi/Sanshinkan-Karate-International-<near>-Near-Dlf-Phase-3-Church-Gurgaon/011PXX11-XX11-150621140142-F5V8_BZDET?xid=RGVsaGkgTWFydGlhbCBBcnQgVHJhaW5pbmcgQ2VudHJlcw==";"1"
9;"Kickxcise";"http://www.justdial.com/Delhi/Kickxcise-<near>-Near-Sikandarpur-Metro-Station-Dlf-City-Phase-Ii-Gurgaon/011PXX11-XX11-141117100907-X6Y5_BZDET?xid=RGVsaGkgTWFydGlhbCBBcnQgVHJhaW5pbmcgQ2VudHJlcw==";"1"
10;"F M A Fitness";"http://www.justdial.com/Delhi/F-M-A-Fitness-<near>-Shivalik-Malviya-Nagar/011PXX11-XX11-150106203505-G6M8_BZDET?xid=RGVsaGkgTWFydGlhbCBBcnQgVHJhaW5pbmcgQ2VudHJlcw==";"1"
11;"Sanshinkan Karate Mixed Mar...";"http://www.justdial.com/Delhi/Sanshinkan-Karate-Mixed-Martial-Arts-Fitness-Pvt-Ltd-<near>-New-Friends-Colony/011PXX11-XX11-131017200640-U7R5_BZDET?xid=RGVsaGkgTWFydGlhbCBBcnQgVHJhaW5pbmcgQ2VudHJlcw==";"1"
12;"Delhi Taekwondo Training Ac...";"http://www.justdial.com/Delhi/Delhi-Taekwondo-Training-Academy-<near>-Near-IIT-or-Adchini-Sarvodaya-Enclave/011PXX11-XX11-140526164533-D6B5_BZDET?xid=RGVsaGkgTWFydGlhbCBBcnQgVHJhaW5pbmcgQ2VudHJlcw==";"1"
13;"Pacific Sports Complex";"http://www.justdial.com/Delhi/Pacific-Sports-Complex-<near>-Near-Central-School-Andrews-Ganj/011PXX11-XX11-100215101120-A1E8_BZDET?xid=RGVsaGkgTWFydGlhbCBBcnQgVHJhaW5pbmcgQ2VudHJlcw==";"1"
14;"Jai Hind Judo Karate Club";"http://www.justdial.com/Delhi/Jai-Hind-Judo-Karate-Club-<near>-Opposite-Navniti-Apartment-Mandawali/011PXX11-XX11-110411203519-K3B3_BZDET?xid=RGVsaGkgTWFydGlhbCBBcnQgVHJhaW5pbmcgQ2VudHJlcw==";"1"
15;"Fightersspeed";"http://www.justdial.com/Delhi/Fightersspeed-<near>-Near-Golds-Gym-And-Opposite-SBI-Bank-Janakpuri/011PXX11-XX11-150330134955-Z4N1_BZDET?xid=RGVsaGkgTWFydGlhbCBBcnQgVHJhaW5pbmcgQ2VudHJlcw==";"1"
16;"Shito Riyo Sports Karate Do...";"http://www.justdial.com/Delhi/Shito-Riyo-Sports-Karate-Do-Association-Up-<near>-Noida-Sector-21/011PXX11-XX11-130525151226-X9U4_BZDET?xid=RGVsaGkgTWFydGlhbCBBcnQgVHJhaW5pbmcgQ2VudHJlcw==";"1"
17;"Krav Maga Gk-2";"http://www.justdial.com/Delhi/Krav-Maga-Gk-2-<near>-Behind-nanaksar-gurudwara-Greater-Kailash-II/011PXX11-XX11-151027143124-Z2M4_BZDET?xid=RGVsaGkgTWFydGlhbCBBcnQgVHJhaW5pbmcgQ2VudHJlcw==";"1"
18;"Sanshinkan Mixed Martial Ar...";"http://www.justdial.com/delhi/Sanshinkan-Mixed-Martial-Arts-Karate-<near>-Near-Kendriya-Vihar-Gurgaon-Sector-56/011PXX11-XX11-121010173948-R5X1_BZDET?xid=RGVsaGkgTWFydGlhbCBBcnQgVHJhaW5pbmcgQ2VudHJlcw==";"1"
19;"International Karate Federa...";"http://www.justdial.com/Delhi/International-Karate-Federation-India-<near>-Opposite-Nanak-Peo-Gurudwara-Roop-Nagar/011PXX11-XX11-120606182757-W6R7_BZDET?xid=RGVsaGkgTWFydGlhbCBBcnQgVHJhaW5pbmcgQ2VudHJlcw==";"1"
20;"Trident Tactical Solutions ...";"http://www.justdial.com/Delhi/Trident-Tactical-Solutions-Pvt-Ltd-<near>-Opposite-Shiksha-Bharti-School-Dwarka-Sector-7/011PXX11-XX11-150216103117-C1E1_BZDET?xid=RGVsaGkgTWFydGlhbCBBcnQgVHJhaW5pbmcgQ2VudHJlcw==";"1"
23;"Wizkidz Academy";"http://www.justdial.com/delhi/Wizkidz-Academy-<near>-Near-Water-Tank-Noida-Sector-122/011PXX11-XX11-150525120001-S2N3_BZDET?xid=RGVsaGkgTWFydGlhbCBBcnQgVHJhaW5pbmcgQ2VudHJlcw==";"1"
24;"Red Dragon School Of Martia...";"http://www.justdial.com/Delhi/Red-Dragon-School-Of-Martial-Arts-<near>-Vaishali-Sector-4/011PXX11-XX11-150202193714-R1Y5_BZDET?xid=RGVsaGkgTWFydGlhbCBBcnQgVHJhaW5pbmcgQ2VudHJlcw==";"1"
25;"Swartarang Music Academy";"http://www.justdial.com/Delhi/Swartarang-Music-Academy-<near>-Near-Vodafone-Store-Rohini-Sector-16/011PXX11-XX11-131111162901-B2G3_BZDET?xid=RGVsaGkgTWFydGlhbCBBcnQgVHJhaW5pbmcgQ2VudHJlcw==";"1"
27;"Samsaraa Fitness Figure";"http://www.justdial.com/Delhi/Samsaraa-Fitness-Figure-<near>-Above-Kesar-Sweets-Pitampura/011PXX11-XX11-120821162749-T4H2_BZDET?xid=RGVsaGkgTWFydGlhbCBBcnQgVHJhaW5pbmcgQ2VudHJlcw==";"1"
28;"Good Health";"http://www.justdial.com/Delhi/Good-Health-<near>-Near-Shipra-Mall-And-Cisf-Camp-Indirapuram/011PXX11-XX11-090508180252-M1E7_BZDET?xid=RGVsaGkgTWFydGlhbCBBcnQgVHJhaW5pbmcgQ2VudHJlcw==";"1"
37;"Yhc Centre(A Unit Of Yoga H...";"http://www.justdial.com/Delhi/Yhc-Centre(A-Unit-Of-Yoga-Health-Care-Centre)-<near>-Sector-56-Gurgaon-Sector-56/011PXX11-XX11-130817095614-B8T5_BZDET?xid=RGVsaGkgTWFydGlhbCBBcnQgVHJhaW5pbmcgQ2VudHJlcw==";"1"
38;"WMA (WARRIORS MARTIAL-ART GYM)";"http://www.justdial.com/Delhi/WMA-(WARRIORS-MARTIAL-ART-GYM)-<near>-Behind-V3s-Mall-Near-Bharti-Public-School-Laxmi-Nagar/011PXX11-XX11-121218090245-A2P8_BZDET?xid=RGVsaGkgTWFydGlhbCBBcnQgVHJhaW5pbmcgQ2VudHJlcw==";"1"
39;"Kaishogun Martial Arts Spor...";"http://www.justdial.com/Delhi/Kaishogun-Martial-Arts-Sports-Academy-<near>-Gurgaon/011PG030555_BZDET?xid=RGVsaGkgTWFydGlhbCBBcnQgVHJhaW5pbmcgQ2VudHJlcw==";"1"
40;"Ultimate Tactical And Comba...";"http://www.justdial.com/Delhi/Ultimate-Tactical-And-Combat-Pvt-Ltd-<near>-Opposite-ITC-Sheraton-Saket/011PXX11-XX11-130109104022-S8E3_BZDET?xid=RGVsaGkgTWFydGlhbCBBcnQgVHJhaW5pbmcgQ2VudHJlcw==";"1"
43;"Ozone Fitness N Spa";"http://www.justdial.com/Delhi/Ozone-Fitness-N-Spa-<near>-Vishal-Enclave-Near-Vishal-Cinema-Rajouri-Garden/011PXX11-XX11-140403154539-C9L1_BZDET?xid=RGVsaGkgTWFydGlhbCBBcnQgVHJhaW5pbmcgQ2VudHJlcw==";"1"
44;"Ryders Sports Academy";"http://www.justdial.com/Delhi/Ryders-Sports-Academy-<near>-Aardee-City-Gate-No-2-Opposite-B-Block-Gurgaon-Sector-52/011P234486_BZDET?xid=RGVsaGkgTWFydGlhbCBBcnQgVHJhaW5pbmcgQ2VudHJlcw==";"1"
45;"Crosstrain";"http://www.justdial.com/Delhi/Crosstrain-<near>-Near-Sukhmani-Hospital-Safdarjung-Enclave/011PXX11-XX11-131116124700-A9G2_BZDET?xid=RGVsaGkgTWFydGlhbCBBcnQgVHJhaW5pbmcgQ2VudHJlcw==";"1"
46;"Sangeet Shyamala";"http://www.justdial.com/Delhi/Sangeet-Shyamala-<near>-Infront-Of-11-6-Vasant-Vihar-Vasant-Vihar/011PXX11-XX11-140416114508-U2T7_BZDET?xid=RGVsaGkgTWFydGlhbCBBcnQgVHJhaW5pbmcgQ2VudHJlcw==";"1"
47;"Spark Kick Boxing Academy";"http://www.justdial.com/Delhi/Spark-Kick-Boxing-Academy-<near>-Above-Syndicate-Bank-Kingsway-Camp/011PXX11-XX11-140625191025-F2M9_BZDET?xid=RGVsaGkgTWFydGlhbCBBcnQgVHJhaW5pbmcgQ2VudHJlcw==";"1"
48;"Florence Academy";"http://www.justdial.com/Delhi/Florence-Academy-<near>-Near-Bengali-Sweets-Below-Oriental-Bank-Of-Commerce-ATM--Ndse/011PJD00132_BZDET?xid=RGVsaGkgTWFydGlhbCBBcnQgVHJhaW5pbmcgQ2VudHJlcw==";"1"
49;"Fitness Boom";"http://www.justdial.com/Delhi/Fitness-Boom-<near>-Karol-Bagh/011PXX11-XX11-150705154415-B5U1_BZDET?xid=RGVsaGkgTWFydGlhbCBBcnQgVHJhaW5pbmcgQ2VudHJlcw==";"1"
51;"Black Belt World India";"http://www.justdial.com/Delhi/Black-Belt-World-India-<near>-Near-Vasant-Square-Mall-Vasant-Kunj/011PXX11-XX11-130525153324-P8U9_BZDET?xid=RGVsaGkgTWFydGlhbCBBcnQgVHJhaW5pbmcgQ2VudHJlcw==";"1"
52;"Sanshinkan Mma & Karate Training";"http://www.justdial.com/Delhi/Sanshinkan-Mma-Karate-Training-<near>-Near-Aakash-Institute-Gold-Gym-Janakpuri/011PXX11-XX11-140717114729-K7R9_BZDET?xid=RGVsaGkgTWFydGlhbCBBcnQgVHJhaW5pbmcgQ2VudHJlcw==";"1"
53;"Future Fit";"http://www.justdial.com/Delhi/Future-Fit-<near>-Near-Genpact-Building-Gurgaon/011PXX11-XX11-140523070943-N4X2_BZDET?xid=RGVsaGkgTWFydGlhbCBBcnQgVHJhaW5pbmcgQ2VudHJlcw==";"1"
54;"Austrick Event";"http://www.justdial.com/Delhi/Austrick-Event-<near>-District-Centre-Janakpuri-Janakpuri/011PXX11-XX11-140508144543-K6S8_BZDET?xid=RGVsaGkgTWFydGlhbCBBcnQgVHJhaW5pbmcgQ2VudHJlcw==";"1"
55;"Genius Brain Abacus Academy Pv...";"http://www.justdial.com/Delhi/Genius-Brain-Abacus-Academy-Pvt-Ltd-<near>-Behind-PVR-cinema-Vikaspuri/011PXX11-XX11-110725112237-C4V4_BZDET?xid=RGVsaGkgTWFydGlhbCBBcnQgVHJhaW5pbmcgQ2VudHJlcw==";"1"
56;"Trintity The Dance Activity Pl...";"http://www.justdial.com/Delhi/Trintity-The-Dance-Activity-Planing-<near>-Opposite-Mc-Donalds-Shalimar-Bagh-East/011PXX11-XX11-130725122430-P4S3_BZDET?xid=RGVsaGkgTWFydGlhbCBBcnQgVHJhaW5pbmcgQ2VudHJlcw==";"1"
57;"Taekwon Do Federation Of Delhi";"http://www.justdial.com/Delhi/Taekwon-Do-Federation-Of-Delhi-<near>-Vasant-Kunj/011PXX11-XX11-101106160336-W8L6_BZDET?xid=RGVsaGkgTWFydGlhbCBBcnQgVHJhaW5pbmcgQ2VudHJlcw==";"1"
58;"Athena Fitness";"http://www.justdial.com/Delhi/Athena-Fitness-<near>-Sector-7-Dwarka/011PXX11-XX11-091114171339-V8W5_BZDET?xid=RGVsaGkgTWFydGlhbCBBcnQgVHJhaW5pbmcgQ2VudHJlcw==";"1"
59;"Icon Of Martial Arts And Fitne...";"http://www.justdial.com/Delhi/Icon-Of-Martial-Arts-And-Fitness-Academy-<near>-Opposite-Mata-Mandir-And-Near-Jaipur-Golden-Transport-Roshanara-Road/011PXX11-XX11-150220172102-N2X2_BZDET?xid=RGVsaGkgTWFydGlhbCBBcnQgVHJhaW5pbmcgQ2VudHJlcw==";"1"
60;"Aryan Sports & Marshal Arts Club";"http://www.justdial.com/Delhi/Aryan-Sports-Marshal-Arts-Club-<near>-Opposite-Ocb-Bank-Vaishali-Sector-5/011PXX11-XX11-100823190516-F5K1_BZDET?xid=RGVsaGkgTWFydGlhbCBBcnQgVHJhaW5pbmcgQ2VudHJlcw==";"1"
62;"THOMAS KIDS INTERNATIONAL SCHOOL";"http://www.justdial.com/Delhi/THOMAS-KIDS-INTERNATIONAL-SCHOOL-<near>-Jangpura/011PXX11-XX11-130730221044-C9V2_BZDET?xid=RGVsaGkgTWFydGlhbCBBcnQgVHJhaW5pbmcgQ2VudHJlcw==";"1"
63;"Martial Art Academy Of India";"http://www.justdial.com/Delhi/Martial-Art-Academy-Of-India-<near>-Ndse/011P5459577_BZDET?xid=RGVsaGkgTWFydGlhbCBBcnQgVHJhaW5pbmcgQ2VudHJlcw==";"1"
64;"Friends Academy of Martial arts";"http://www.justdial.com/Delhi/Friends-Academy-of-Martial-arts-<near>-videocon-tower-Jhandewalan-Extension/011PXX11-XX11-131108153001-L1P9_BZDET?xid=RGVsaGkgTWFydGlhbCBBcnQgVHJhaW5pbmcgQ2VudHJlcw==";"1"
65;"WORLD TAEKWONDO FEDERATION";"http://www.justdial.com/Delhi/WORLD-TAEKWONDO-FEDERATION-<near>-Ram-colony-Chattarpur/011PXX11-XX11-121227142219-K8R1_BZDET?xid=RGVsaGkgTWFydGlhbCBBcnQgVHJhaW5pbmcgQ2VudHJlcw==";"1"
66;"The gym";"http://www.justdial.com/Delhi/The-gym-<near>-Near-bank-of-baroda-Burari/011PXX11-XX11-130722105814-H5T9_BZDET?xid=RGVsaGkgTWFydGlhbCBBcnQgVHJhaW5pbmcgQ2VudHJlcw==";"1"
67;"Sports Karate Do Organisation ...";"http://www.justdial.com/Delhi/Sports-Karate-Do-Organisation-India-Xma-Academy-India-<near>-Near-Ramphal-Chowk-Palam-Extention-Dwarka-Sector-7/011PXX11-XX11-130731154804-U9Q8_BZDET?xid=RGVsaGkgTWFydGlhbCBBcnQgVHJhaW5pbmcgQ2VudHJlcw==";"1"
68;"Wing Chun Jeet Kune Do Kung Fu...";"http://www.justdial.com/Delhi/Wing-Chun-Jeet-Kune-Do-Kung-Fu-Fighting-Center-<near>-Near-By-Jalvayu-Tower-Gurgaon/011PXX11-XX11-130306174558-V8U1_BZDET?xid=RGVsaGkgTWFydGlhbCBBcnQgVHJhaW5pbmcgQ2VudHJlcw==";"1"
69;"Shinann Nawal Dutta Martial Ar...";"http://www.justdial.com/Delhi/Shinann-Nawal-Dutta-Martial-Arts-Fitness-Expert-<near>-Near-Lions-Hospital-Ashoka-Park-New-Friends-Colony/011PG030778_BZDET?xid=RGVsaGkgTWFydGlhbCBBcnQgVHJhaW5pbmcgQ2VudHJlcw==";"1"
70;"Old Monk Martial Arts Club";"http://www.justdial.com/Delhi/Old-Monk-Martial-Arts-Club-<near>-New-Govind-Pura-Krishna-Nagar/011PXX11-XX11-120622101726-G7F6_BZDET?xid=RGVsaGkgTWFydGlhbCBBcnQgVHJhaW5pbmcgQ2VudHJlcw==";"1"
72;"Focus Campus";"http://www.justdial.com/Delhi/Focus-Campus-<near>-Near-Subhash-Park-Adarsh-Nagar/011PXX11-XX11-140205014501-S1V2_BZDET?xid=RGVsaGkgTWFydGlhbCBBcnQgVHJhaW5pbmcgQ2VudHJlcw==";"1"
74;"Sanshin Kan Mixed Martial Art ...";"http://www.justdial.com/Delhi/Sanshin-Kan-Mixed-Martial-Art-Fitness-Pvt-Ltd-<near>-Near-Rohini-East-Metro-Station-Rohini-Sector-8/011PXX11-XX11-120925193016-V4X9_BZDET?xid=RGVsaGkgTWFydGlhbCBBcnQgVHJhaW5pbmcgQ2VudHJlcw==";"1"
75;"Sanshikan Karate Mixed Martial...";"http://www.justdial.com/Delhi/Sanshikan-Karate-Mixed-Martial-Arts-Fitness-Pvt-Ltd-<near>-Near-Rajori-Garden-Ramesh-Nagaer-Metro-Station-Gate-No-1-Ramesh-Nagar/011PXX11-XX11-140904101541-I4J4_BZDET?xid=RGVsaGkgTWFydGlhbCBBcnQgVHJhaW5pbmcgQ2VudHJlcw==";"1"
76;"The best activity zone";"http://www.justdial.com/Delhi/The-best-activity-zone-<near>-Near-dispensery-chowk-Bhajan-Pura/011PXX11-XX11-140809172624-A6V1_BZDET?xid=RGVsaGkgTWFydGlhbCBBcnQgVHJhaW5pbmcgQ2VudHJlcw==";"1"
77;"Israeli Mixed Martial Arts";"http://www.justdial.com/Delhi/Israeli-Mixed-Martial-Arts-<near>-Greater-Kailash-I/011PXX11-XX11-141204130743-X6N8_BZDET?xid=RGVsaGkgTWFydGlhbCBBcnQgVHJhaW5pbmcgQ2VudHJlcw==";"1"
78;"Szoon Theatre & Dance Classes";"http://www.justdial.com/Delhi/Szoon-Theatre-Dance-Classes-<near>-Near-Laxmi-Narayan-Temple-Ashok-Vihar-II-Ashok-Vihar/011PXX11-XX11-130805191416-F7Z7_BZDET?xid=RGVsaGkgTWFydGlhbCBBcnQgVHJhaW5pbmcgQ2VudHJlcw==";"1"
79;"Sports Academy Of Martial Arts";"http://www.justdial.com/Delhi/Sports-Academy-Of-Martial-Arts-<near>-Opp-Uttam-Nagar-Metro-Station-Uttam-Nagar/011PXX11-XX11-120829174710-H9P4_BZDET?xid=RGVsaGkgTWFydGlhbCBBcnQgVHJhaW5pbmcgQ2VudHJlcw==";"1"
80;"Martial Art & Fitness Academy ...";"http://www.justdial.com/Delhi/Martial-Art-Fitness-Academy-India-<near>-Near-Mother-Dairy-Beta-2-Greater-Noida/011PXX11-XX11-131030193013-M3D5_BZDET?xid=RGVsaGkgTWFydGlhbCBBcnQgVHJhaW5pbmcgQ2VudHJlcw==";"1"
81;"Traditional Marshal Art";"http://www.justdial.com/Delhi/Traditional-Marshal-Art-<near>-Chock-durgapuri-Durgapuri/011PK001799_BZDET?xid=RGVsaGkgTWFydGlhbCBBcnQgVHJhaW5pbmcgQ2VudHJlcw==";"1"
82;"Martial Arts Coaches Associati...";"http://www.justdial.com/Delhi/Martial-Arts-Coaches-Association-Of-India-(-Head-Office-)-<near>-Rohtash-Nagar-Shahdara/011PXX11-XX11-110212123133-W8A2_BZDET?xid=RGVsaGkgTWFydGlhbCBBcnQgVHJhaW5pbmcgQ2VudHJlcw==";"1"
83;"Shaolin Kung Fu Federation Of ...";"http://www.justdial.com/Delhi/Shaolin-Kung-Fu-Federation-Of-India-<near>-Sainik-Farms/011PXX11-XX11-140303170852-A9R8_BZDET?xid=RGVsaGkgTWFydGlhbCBBcnQgVHJhaW5pbmcgQ2VudHJlcw==";"1"
85;"Hooked 2 Martial Arts";"http://www.justdial.com/Delhi/Hooked-2-Martial-Arts-<near>-Near-Patel-Park-West-Patel-Nagar/011PXX11-XX11-130506161204-S9G9_BZDET?xid=RGVsaGkgTWFydGlhbCBBcnQgVHJhaW5pbmcgQ2VudHJlcw==";"1"
86;"T3P The Third Place";"http://www.justdial.com/Delhi/T3P-The-Third-Place-<near>-Dlf-City-Phase-IV-Gurgaon/011PX124-X124-121105121611-B5N3_BZDET?xid=RGVsaGkgTWFydGlhbCBBcnQgVHJhaW5pbmcgQ2VudHJlcw==";"1"
87;"NEGIS THE SCHOOL OF MARSHAL ARTS";"http://www.justdial.com/Delhi/NEGIS-THE-SCHOOL-OF-MARSHAL-ARTS-<near>-Nr-Mother-Dairy-Indirapuram/011PXX11-XX11-130924175725-P6S9_BZDET?xid=RGVsaGkgTWFydGlhbCBBcnQgVHJhaW5pbmcgQ2VudHJlcw==";"1"
88;"Blue ICE Entertainment";"http://www.justdial.com/Delhi/Blue-ICE-Entertainment-<near>-Prashant-Vihar-Nr-Santan-Dharm-Mandir-Rohini/011PXX11-XX11-090508115743-Q5M9_BZDET?xid=RGVsaGkgTWFydGlhbCBBcnQgVHJhaW5pbmcgQ2VudHJlcw==";"1"
89;"Extreme Kickboxing Martial Arts";"http://www.justdial.com/Delhi/Extreme-Kickboxing-Martial-Arts-<near>-Dwarka/011PXX11-XX11-110511230452-X8V4_BZDET?xid=RGVsaGkgTWFydGlhbCBBcnQgVHJhaW5pbmcgQ2VudHJlcw==";"1"
90;"Body Force Gym";"http://www.justdial.com/Delhi/Body-Force-Gym-<near>-V-Blk-Nr-Kinder-Land-School-Gurgaon/011PXX11-XX11-091113102457-P5A1_BZDET?xid=RGVsaGkgTWFydGlhbCBBcnQgVHJhaW5pbmcgQ2VudHJlcw==";"1"
91;"Evolution Studio Dance And Fit...";"http://www.justdial.com/Delhi/Evolution-Studio-Dance-And-Fitness-<near>-Ambika-Vihar/011PXX11-XX11-141110150927-V9Y7_BZDET?xid=RGVsaGkgTWFydGlhbCBBcnQgVHJhaW5pbmcgQ2VudHJlcw==";"1"
92;"LION INSTITUTE OF MARTIAL ART";"http://www.justdial.com/Delhi/LION-INSTITUTE-OF-MARTIAL-ART-<near>-Behind-Deendayal-Hospital-Hari-Nagar/011PXX11-XX11-140529182024-M4M9_BZDET?xid=RGVsaGkgTWFydGlhbCBBcnQgVHJhaW5pbmcgQ2VudHJlcw==";"1"
93;"Modern Martial Art Academy";"http://www.justdial.com/Delhi/Modern-Martial-Art-Academy-<near>-Near-Suraksha-Nursing-Home-Dilshad-Colony/011PXX11-XX11-140905113923-V9Y2_BZDET?xid=RGVsaGkgTWFydGlhbCBBcnQgVHJhaW5pbmcgQ2VudHJlcw==";"1"
94;"Israeli Self Defence";"http://www.justdial.com/Delhi/Israeli-Self-Defence-<near>-opposite-m-39-Greater-Kailash-II/011PXX11-XX11-150209163555-F4U2_BZDET?xid=RGVsaGkgTWFydGlhbCBBcnQgVHJhaW5pbmcgQ2VudHJlcw==";"1"
95;"Deepak marshal arts";"http://www.justdial.com/Delhi/Deepak-marshal-arts-<near>-Katwaria-Sarai/011PXX11-XX11-140818182940-Y7G4_BZDET?xid=RGVsaGkgTWFydGlhbCBBcnQgVHJhaW5pbmcgQ2VudHJlcw==";"1"
96;"Asian Goju Ryu Karate WKF";"http://www.justdial.com/Delhi/Asian-Goju-Ryu-Karate-WKF-<near>-Kacheri-Wallan-Near-New-Delhi-Railway-Station-Pahar-Ganj/011PXX11-XX11-140315082218-A5X6_BZDET?xid=RGVsaGkgTWFydGlhbCBBcnQgVHJhaW5pbmcgQ2VudHJlcw==";"1"
97;"MIX MARTIAL ARTS";"http://www.justdial.com/Delhi/MIX-MARTIAL-ARTS-<near>-Near-Sunil-Dairy-Uttam-Nagar/011PXX11-XX11-140714164659-H9H4_BZDET?xid=RGVsaGkgTWFydGlhbCBBcnQgVHJhaW5pbmcgQ2VudHJlcw==";"1"
98;"Kaustav";"http://www.justdial.com/Delhi/Kaustav-<near>-/011PXX11-XX11-140219142957-H9B2_BZDET?xid=RGVsaGkgTWFydGlhbCBBcnQgVHJhaW5pbmcgQ2VudHJlcw==";"1"
99;"Martial art coaching centre";"http://www.justdial.com/Delhi/Martial-art-coaching-centre-<near>-Near-Reliance-Building-Mamura/011PXX11-XX11-121012104723-A8W8_BZDET?xid=RGVsaGkgTWFydGlhbCBBcnQgVHJhaW5pbmcgQ2VudHJlcw==";"1"
101;"D Ranger Crew Dance Academy";"http://www.justdial.com/Delhi/D-Ranger-Crew-Dance-Academy-<near>-Near-Atal-Chowk-Near-Allahabad-Bank-Vasundhara-Sector-15/011PXX11-XX11-130103130437-E2V6_BZDET?xid=RGVsaGkgTWFydGlhbCBBcnQgVHJhaW5pbmcgQ2VudHJlcw==";"1"
102;"Karate Academy";"http://www.justdial.com/Delhi/Karate-Academy-<near>-Nr-Sanskar-Public-School-Sec-3-Ghaziabad/011PF016853_BZDET?xid=RGVsaGkgTWFydGlhbCBBcnQgVHJhaW5pbmcgQ2VudHJlcw==";"1"
103;"Seido Karate";"http://www.justdial.com/Delhi/Seido-Karate-<near>-Sec-15-A-Noida-Sector-15/011P1220599520P4P4B2_BZDET?xid=RGVsaGkgTWFydGlhbCBBcnQgVHJhaW5pbmcgQ2VudHJlcw==";"1"
104;"Kick Boxing Federation India";"http://www.justdial.com/Delhi/Kick-Boxing-Federation-India-<near>-Nr-Vinod-Nagar-Bus-Stand-Mayur-Vihar-Phase-II/011PXX11-XX11-100514153625-Y3M1_BZDET?xid=RGVsaGkgTWFydGlhbCBBcnQgVHJhaW5pbmcgQ2VudHJlcw==";"1"
105;"Shitoryu Karate Association";"http://www.justdial.com/Delhi/Shitoryu-Karate-Association-<near>-Sarita-Vihar/011PXX11-XX11-130911102316-G2K8_BZDET?xid=RGVsaGkgTWFydGlhbCBBcnQgVHJhaW5pbmcgQ2VudHJlcw==";"1"
106;"Japan Karate Do Kuniba KAI Ind...";"http://www.justdial.com/Delhi/Japan-Karate-Do-Kuniba-KAI-India-Honbu-<near>-East-Arjun-Nagar-Shahdara-Surajmal-Vihar-Anand-Vihar/011P5407495_BZDET?xid=RGVsaGkgTWFydGlhbCBBcnQgVHJhaW5pbmcgQ2VudHJlcw==";"1"
107;"Shikhar Martial Art Academy";"http://www.justdial.com/Delhi/Shikhar-Martial-Art-Academy-<near>-Nr-Metro-Station-Naveen-Shahdara/011PK037040_BZDET?xid=RGVsaGkgTWFydGlhbCBBcnQgVHJhaW5pbmcgQ2VudHJlcw==";"1"
109;"Sanshinkan Karate Mixed Martia...";"http://www.justdial.com/Delhi/Sanshinkan-Karate-Mixed-Martial-Arts-Fitness-Pvt-Ltd-<near>-Near-Big-Apple-Kailash-Colony/011PXX11-XX11-110927211056-D7Q7_BZDET?xid=RGVsaGkgTWFydGlhbCBBcnQgVHJhaW5pbmcgQ2VudHJlcw==";"1"
110;"Martal Arts Sports Asociation ...";"http://www.justdial.com/Delhi/Martal-Arts-Sports-Asociation-Of-Delhi-<near>-Nehru-Vihar-Gokalpuri/011PXX11-XX11-110207153212-A3Z9_BZDET?xid=RGVsaGkgTWFydGlhbCBBcnQgVHJhaW5pbmcgQ2VudHJlcw==";"1"
111;"Kendriya Arya Yuvak Parishad";"http://www.justdial.com/Delhi/Kendriya-Arya-Yuvak-Parishad-<near>-Ito/011P85768_BZDET?xid=RGVsaGkgTWFydGlhbCBBcnQgVHJhaW5pbmcgQ2VudHJlcw==";"1"
112;"Self Defence and Fitness Academy";"http://www.justdial.com/Delhi/Self-Defence-and-Fitness-Academy-<near>-Saket/011PXX11-XX11-140113091504-L8K9_BZDET?xid=RGVsaGkgTWFydGlhbCBBcnQgVHJhaW5pbmcgQ2VudHJlcw==";"1"
113;"Martial Art and Fitness Traini...";"http://www.justdial.com/Delhi/Martial-Art-and-Fitness-Training-Bureau-<near>-New-Delhi/011PXX11-XX11-130122164502-T4M7_BZDET?xid=RGVsaGkgTWFydGlhbCBBcnQgVHJhaW5pbmcgQ2VudHJlcw==";"1"
114;"I S academy";"http://www.justdial.com/Delhi/I-S-academy-<near>-Karawal-Nagar/011PXX11-XX11-120419101652-Y7Q1_BZDET?xid=RGVsaGkgTWFydGlhbCBBcnQgVHJhaW5pbmcgQ2VudHJlcw==";"1"
115;"Delhi Taekwando Training Academy";"http://www.justdial.com/Delhi/Delhi-Taekwando-Training-Academy-<near>-Near-Saket-Metro-Station-Gate-No-2-Saket/011PXX11-XX11-130716212808-F5C9_BZDET?xid=RGVsaGkgTWFydGlhbCBBcnQgVHJhaW5pbmcgQ2VudHJlcw==";"1"
116;"Aikido Aikikai Instructors";"http://www.justdial.com/Delhi/Aikido-Aikikai-Instructors-<near>-Chanakya-Puri/011PXX11-XX11-091222104058-Y4P2_BZDET?xid=RGVsaGkgTWFydGlhbCBBcnQgVHJhaW5pbmcgQ2VudHJlcw==";"1"
117;"THE DOJANG";"http://www.justdial.com/Delhi/THE-DOJANG-<near>-Near-Fortis-Hospital-Kishan-Garh-Vasant-Kunj/011PXX11-XX11-130108180239-D7A1_BZDET?xid=RGVsaGkgTWFydGlhbCBBcnQgVHJhaW5pbmcgQ2VudHJlcw==";"1"
118;"Martial Arts in do Kick Fedration";"http://www.justdial.com/Delhi/Martial-Arts-in-do-Kick-Fedration-<near>-Jj-C-Ashok-Vihar-Ashok-Vihar/011PXX11-XX11-091209115057-W3D8_BZDET?xid=RGVsaGkgTWFydGlhbCBBcnQgVHJhaW5pbmcgQ2VudHJlcw==";"1"
120;"Vishal Mehandi Art";"http://www.justdial.com/Delhi/Vishal-Mehandi-Art-<near>-Main-Market-Near-Nishant-Jewellers-Janakpuri/011PXX11-XX11-101128155231-G9C6_BZDET?xid=RGVsaGkgTWFydGlhbCBBcnQgVHJhaW5pbmcgQ2VudHJlcw==";"1"
121;"Simna Martial Arts Organization";"http://www.justdial.com/Delhi/Simna-Martial-Arts-Organization-<near>-Nr-Ram-Mandir-Gurudwara-Janakpuri/011PXX11-XX11-110503110316-C5R9_BZDET?xid=RGVsaGkgTWFydGlhbCBBcnQgVHJhaW5pbmcgQ2VudHJlcw==";"1"
123;"Jnt Martial Art Academy";"http://www.justdial.com/Delhi/Jnt-Martial-Art-Academy-<near>-Dwarka-Sector-7/011PXX11-XX11-111125182347-U6B4_BZDET?xid=RGVsaGkgTWFydGlhbCBBcnQgVHJhaW5pbmcgQ2VudHJlcw==";"1"
124;"Invictus Combat Safety Wellness";"http://www.justdial.com/Delhi/Invictus-Combat-Safety-Wellness-<near>-Near-Rotary-Public-School-Sector-22a-Gurgaon-Sector-22/011PXX11-XX11-131010181257-S1N9_BZDET?xid=RGVsaGkgTWFydGlhbCBBcnQgVHJhaW5pbmcgQ2VudHJlcw==";"1"
125;"All Delhi Karate Association";"http://www.justdial.com/Delhi/All-Delhi-Karate-Association-<near>-dwarka-4(oppsite-rajapuri-red-light)-Dwarka/011P1219315902A8Y6W1_BZDET?xid=RGVsaGkgTWFydGlhbCBBcnQgVHJhaW5pbmcgQ2VudHJlcw==";"1"
126;"UFCA Ultimate Fitness & Comat ...";"http://www.justdial.com/Delhi/UFCA-Ultimate-Fitness-Comat-Academy-<near>-Metro-Piller-Number-789-And-Near-Dwarka-More-Metro-Station-Dwarka/011PXX11-XX11-110409092047-W8M1_BZDET?xid=RGVsaGkgTWFydGlhbCBBcnQgVHJhaW5pbmcgQ2VudHJlcw==";"1"
127;"Physique First";"http://www.justdial.com/Delhi/Physique-First-<near>-Near-Dance-Sports-Academy-Uttam-Nagar/011PXX11-XX11-140422161558-F5S1_BZDET?xid=RGVsaGkgTWFydGlhbCBBcnQgVHJhaW5pbmcgQ2VudHJlcw==";"1"
128;"Kickers Taekwondo Academy";"http://www.justdial.com/Delhi/Kickers-Taekwondo-Academy-<near>-Pkt-7-Ews-Noida-Sector-82/011P1223376765N5G7U6_BZDET?xid=RGVsaGkgTWFydGlhbCBBcnQgVHJhaW5pbmcgQ2VudHJlcw==";"1"
129;"Sbss Club Karate Classes";"http://www.justdial.com/Delhi/Sbss-Club-Karate-Classes-<near>-Opposite-Madhuban-Park-Shishu-Mangal-School-Nirman-Vihar/011PXX11-XX11-121106190120-E2R9_BZDET?xid=RGVsaGkgTWFydGlhbCBBcnQgVHJhaW5pbmcgQ2VudHJlcw==";"1"
131;"Fitnsecure";"http://www.justdial.com/Delhi/Fitnsecure-<near>-Near-Sethi-Dharamshala-Laxmi-Nagar/011PXX11-XX11-121205110552-J9E8_BZDET?xid=RGVsaGkgTWFydGlhbCBBcnQgVHJhaW5pbmcgQ2VudHJlcw==";"1"
132;"3F Fitness Freaks Forever";"http://www.justdial.com/Delhi/3F-Fitness-Freaks-Forever-<near>-opp-prayag-hospital-Noida/011PXX11-XX11-130628220039-E2K2_BZDET?xid=RGVsaGkgTWFydGlhbCBBcnQgVHJhaW5pbmcgQ2VudHJlcw==";"1"
133;"Tycondo classes";"http://www.justdial.com/Delhi/Tycondo-classes-<near>-Awho-road-Greater-Noida/011PXX11-XX11-140605101126-Q2S5_BZDET?xid=RGVsaGkgTWFydGlhbCBBcnQgVHJhaW5pbmcgQ2VudHJlcw==";"1"
134;"Kuldeep Kumar Soni";"http://www.justdial.com/Delhi/Kuldeep-Kumar-Soni-<near>-Near-Shriram-Piston-Rings-Ltd-Ghaziabad/011PXX11-XX11-110512095635-Z3S2_BZDET?xid=RGVsaGkgTWFydGlhbCBBcnQgVHJhaW5pbmcgQ2VudHJlcw==";"1"
135;"Ghaziabad Karate School";"http://www.justdial.com/Delhi/Ghaziabad-Karate-School-<near>-D-Block-Park-Behind-Sec-58-Police-Station-Noida-Sector-61/011PXX11-XX11-130724170046-Z3B2_BZDET?xid=RGVsaGkgTWFydGlhbCBBcnQgVHJhaW5pbmcgQ2VudHJlcw==";"1"
136;"Xtrenght Mma And Fitness";"http://www.justdial.com/Delhi/Xtrenght-Mma-And-Fitness-<near>-Noida-Sector-34/011PXX11-XX11-140721154209-K9V3_BZDET?xid=RGVsaGkgTWFydGlhbCBBcnQgVHJhaW5pbmcgQ2VudHJlcw==";"1"
137;"Rhythm zone  ( fun learning ac...";"http://www.justdial.com/Delhi/Rhythm-zone-(-fun-learning-academy-)-<near>-Near-needs-super-store-Vaishali/011PXX11-XX11-130530150948-B9T6_BZDET?xid=RGVsaGkgTWFydGlhbCBBcnQgVHJhaW5pbmcgQ2VudHJlcw==";"1"
138;"Fitness Training";"http://www.justdial.com/Delhi/Fitness-Training-<near>-Indirapuram/011PXX11-XX11-110609164536-I6V4_BZDET?xid=RGVsaGkgTWFydGlhbCBBcnQgVHJhaW5pbmcgQ2VudHJlcw==";"1"
139;"CHINESE KUNG FU";"http://www.justdial.com/Delhi/CHINESE-KUNG-FU-<near>-G-D-Clny-Mayur-Vihar-Phase-III/011PXX11-XX11-120328170951-Q7A4_BZDET?xid=RGVsaGkgTWFydGlhbCBBcnQgVHJhaW5pbmcgQ2VudHJlcw==";"1"
140;"Nithya Chaitanya Kalari clinic";"http://www.justdial.com/Delhi/Nithya-Chaitanya-Kalari-clinic-<near>-Near-Ryan-International-School-Pocket-A-2-Mayur-Vihar-Phase-III/011P1236139092C9K2I7_BZDET?xid=RGVsaGkgTWFydGlhbCBBcnQgVHJhaW5pbmcgQ2VudHJlcw==";"1"
141;"BLS School Of Film Performing Art";"http://www.justdial.com/Delhi/BLS-School-Of-Film-Performing-Art-<near>-Op-Mohan-Meains-Factory-Ghaziabad/011P550587_BZDET?xid=RGVsaGkgTWFydGlhbCBBcnQgVHJhaW5pbmcgQ2VudHJlcw==";"1"
142;"Delhi Budo Association";"http://www.justdial.com/delhi/Delhi-Budo-Association-<near>-Near-Mayur-ViharPh-1-Metro-Station-Mayur-Vihar-Phase-I/011PXX11-XX11-151021163129-E6W6_BZDET?xid=RGVsaGkgTWFydGlhbCBBcnQgVHJhaW5pbmcgQ2VudHJlcw==";"1"
143;"Red Dragon Academy of Martial ...";"http://www.justdial.com/Delhi/Red-Dragon-Academy-of-Martial-Arts-<near>-Sanfort-School-Vaishali-Sector-4/011PXX11-XX11-150215171501-T6V8_BZDET?xid=RGVsaGkgTWFydGlhbCBBcnQgVHJhaW5pbmcgQ2VudHJlcw==";"1"
144;"kalarikendramdelhi";"http://www.justdial.com/Delhi/kalarikendramdelhi-<near>-hanuman-mandir-Mayur-Vihar-Phase-Iii/011PXX11-XX11-140512140101-G7I9_BZDET?xid=RGVsaGkgTWFydGlhbCBBcnQgVHJhaW5pbmcgQ2VudHJlcw==";"1"
145;"Sports Karate-Do Association o...";"http://www.justdial.com/Delhi/Sports-Karate-Do-Association-of-NCR-<near>-Noida-Sector-23/011PXX11-XX11-130615083317-N3B3_BZDET?xid=RGVsaGkgTWFydGlhbCBBcnQgVHJhaW5pbmcgQ2VudHJlcw==";"1"
146;"vision united sports management";"http://www.justdial.com/Delhi/vision-united-sports-management-<near>-nh-24-/011PXX11-XX11-140731130112-D2H6_BZDET?xid=RGVsaGkgTWFydGlhbCBBcnQgVHJhaW5pbmcgQ2VudHJlcw==";"1"
147;"SIP ABACUS & Brain Gym";"http://www.justdial.com/Delhi/SIP-ABACUS-Brain-Gym-<near>-Opp-Angal-Mega-Mall-Kaushambi/011PK027695_BZDET?xid=RGVsaGkgTWFydGlhbCBBcnQgVHJhaW5pbmcgQ2VudHJlcw==";"1"
148;"Martial Art Coach";"http://www.justdial.com/Delhi/Martial-Art-Coach-<near>-Blk-3-Khichripur-Mayur-Vihar-Phase-II/011PXX11-XX11-111001144307-N9S3_BZDET?xid=RGVsaGkgTWFydGlhbCBBcnQgVHJhaW5pbmcgQ2VudHJlcw==";"1"
149;"Max Fitness Center";"http://www.justdial.com/Delhi/Max-Fitness-Center-<near>-Mayur-Vihar-Phase-II/011PXX11-XX11-130918110852-X8V5_BZDET?xid=RGVsaGkgTWFydGlhbCBBcnQgVHJhaW5pbmcgQ2VudHJlcw==";"1"
150;"Azad Modern Sports Club";"http://www.justdial.com/Delhi/Azad-Modern-Sports-Club-<near>-Nr-vishwkarma-mandir-Pul-Prahladpur/011PXX11-XX11-130211145723-D9A9_BZDET?xid=RGVsaGkgTWFydGlhbCBBcnQgVHJhaW5pbmcgQ2VudHJlcw==";"1"
151;"Universal Talent Academy";"http://www.justdial.com/Delhi/Universal-Talent-Academy-<near>-Near-Ambedkaar-Bhaawan-Mandawali/011PXX11-XX11-110921162947-T7Z8_BZDET?xid=RGVsaGkgTWFydGlhbCBBcnQgVHJhaW5pbmcgQ2VudHJlcw==";"1"
152;"Kolkata Bengal House";"http://www.justdial.com/Delhi/Kolkata-Bengal-House-<near>-DDA-Market-Dilshad-Garden/011PXX11-XX11-121119120610-X8G5_BZDET?xid=RGVsaGkgTWFydGlhbCBBcnQgVHJhaW5pbmcgQ2VudHJlcw==";"1"
153;"Kshastra";"http://www.justdial.com/Delhi/Kshastra-<near>-Nr-Community-Centre-Anarkali-Colony-South/011PXX11-XX11-120723125746-R6G7_BZDET?xid=RGVsaGkgTWFydGlhbCBBcnQgVHJhaW5pbmcgQ2VudHJlcw==";"1"
154;"Littlegym";"http://www.justdial.com/Delhi/Littlegym-<near>-Near-dps-school-east-of-Kailash-East-Of-Kailash/011PXX11-XX11-130725221506-T4K6_BZDET?xid=RGVsaGkgTWFydGlhbCBBcnQgVHJhaW5pbmcgQ2VudHJlcw==";"1"
155;"Delhi MMA";"http://www.justdial.com/Delhi/Delhi-MMA-<near>-Nehru-Place-Flyover-Kalkaji/011PXX11-XX11-141112110401-G2C5_BZDET?xid=RGVsaGkgTWFydGlhbCBBcnQgVHJhaW5pbmcgQ2VudHJlcw==";"1"
156;"Sanshinkan Self Defence & Mart...";"http://www.justdial.com/Delhi/Sanshinkan-Self-Defence-Martial-arts-<near>-Defence-Colony-Near-Mool-Chand-Metro-Station-New-Delhi--Defence-Colony/011PXX11-XX11-140223133031-B8L9_BZDET?xid=RGVsaGkgTWFydGlhbCBBcnQgVHJhaW5pbmcgQ2VudHJlcw==";"1"
157;"Karate king";"http://www.justdial.com/Delhi/Karate-king-<near>-Kalkaji/011PXX11-XX11-140618171356-L2Q4_BZDET?xid=RGVsaGkgTWFydGlhbCBBcnQgVHJhaW5pbmcgQ2VudHJlcw==";"1"
158;"Sma Academy";"http://www.justdial.com/Delhi/Sma-Academy-<near>-Rampuri-Kalkaji/011PXX11-XX11-150423185945-R8P2_BZDET?xid=RGVsaGkgTWFydGlhbCBBcnQgVHJhaW5pbmcgQ2VudHJlcw==";"1"
159;"Valley Of Kids";"http://www.justdial.com/Delhi/Valley-Of-Kids-<near>-near-hdfc-bank-East-Of-Kailash/011PXX11-XX11-110515232710-M3F8_BZDET?xid=RGVsaGkgTWFydGlhbCBBcnQgVHJhaW5pbmcgQ2VudHJlcw==";"1"
160;"Knockout Fight Club";"http://www.justdial.com/Delhi/Knockout-Fight-Club-<near>-Nehru-Place-flyover-Greater-Kailash/011PXX11-XX11-140601051502-C7N3_BZDET?xid=RGVsaGkgTWFydGlhbCBBcnQgVHJhaW5pbmcgQ2VudHJlcw==";"1"
161;"Titans Combat & Fitness Academy";"http://www.justdial.com/Delhi/Titans-Combat-Fitness-Academy-<near>-Near-Lajpat-Nagar-Railway-Station-Lajpat-Nagar-1-Lajpat-Nagar/011PXX11-XX11-110518110125-D8D9_BZDET?xid=RGVsaGkgTWFydGlhbCBBcnQgVHJhaW5pbmcgQ2VudHJlcw==";"1"
162;"Delhi Academy Of Music & Dance";"http://www.justdial.com/Delhi/Delhi-Academy-Of-Music-Dance-<near>-Near-M-Block-Market-Greater-Kailash-II/011PXX11-XX11-130325141617-D8Q6_BZDET?xid=RGVsaGkgTWFydGlhbCBBcnQgVHJhaW5pbmcgQ2VudHJlcw==";"1"
163;"Natraj dance and music class";"http://www.justdial.com/Delhi/Natraj-dance-and-music-class-<near>-Shiv-Durga-Mandir-Sangam-Vihar/011PXX11-XX11-140524132513-Z9J8_BZDET?xid=RGVsaGkgTWFydGlhbCBBcnQgVHJhaW5pbmcgQ2VudHJlcw==";"1"
164;"Cobrasgym Kickboxing Muay Thai...";"http://www.justdial.com/Delhi/Cobrasgym-Kickboxing-Muay-Thai-Mma-<near>-S-Blk-Greater-Kailash-II/011PXX11-XX11-110302104156-S9C1_BZDET?xid=RGVsaGkgTWFydGlhbCBBcnQgVHJhaW5pbmcgQ2VudHJlcw==";"1"
165;"World Finger Kune do Kung";"http://www.justdial.com/Delhi/World-Finger-Kune-do-Kung-<near>-Vijay-Park-Maujpur/011PXX11-XX11-120601154207-G9Z2_BZDET?xid=RGVsaGkgTWFydGlhbCBBcnQgVHJhaW5pbmcgQ2VudHJlcw==";"1"
166;"Sanjay Kumar (Martial Arts )";"http://www.justdial.com/Delhi/Sanjay-Kumar-(Martial-Arts-)-<near>-Near-Rock-Gym-Sangam-Vihar/011PXX11-XX11-100823113143-S9M7_BZDET?xid=RGVsaGkgTWFydGlhbCBBcnQgVHJhaW5pbmcgQ2VudHJlcw==";"1"
167;"ERIC TAEKWONDO ACADEMY";"http://www.justdial.com/Delhi/ERIC-TAEKWONDO-ACADEMY-<near>-Khanpur/011PXX11-XX11-131227220001-S1H2_BZDET?xid=RGVsaGkgTWFydGlhbCBBcnQgVHJhaW5pbmcgQ2VudHJlcw==";"1"
168;"Global School Of Martial Arts";"http://www.justdial.com/Delhi/Global-School-Of-Martial-Arts-<near>-Model-Park-Pushp-Vihar-Sector-7/011PXX11-XX11-150806120117-A5Q4_BZDET?xid=RGVsaGkgTWFydGlhbCBBcnQgVHJhaW5pbmcgQ2VudHJlcw==";"1"
169;"Cushy Win Martial Art";"http://www.justdial.com/delhi/Cushy-Win-Martial-Art-<near>-Near-Primary-School-Jaffrabad/011PXX11-XX11-150924000016-M4Y5_BZDET?xid=RGVsaGkgTWFydGlhbCBBcnQgVHJhaW5pbmcgQ2VudHJlcw==";"1"
171;"The steps";"http://www.justdial.com/Delhi/The-steps-<near>-Khanpur/011PXX11-XX11-140508164711-W7M3_BZDET?xid=RGVsaGkgTWFydGlhbCBBcnQgVHJhaW5pbmcgQ2VudHJlcw==";"1"
172;"WARRIORS COMBAT MARTIAL ARTS";"http://www.justdial.com/Delhi/WARRIORS-COMBAT-MARTIAL-ARTS-<near>-SOUTH-DELHI-Sadiq-Nagar/011PXX11-XX11-150113154657-X4A4_BZDET?xid=RGVsaGkgTWFydGlhbCBBcnQgVHJhaW5pbmcgQ2VudHJlcw==";"1"
173;"MTA academy";"http://www.justdial.com/delhi/MTA-academy-<near>-Leela-ram-market-South-Extension-2/011PXX11-XX11-151026152520-P7J5_BZDET?xid=RGVsaGkgTWFydGlhbCBBcnQgVHJhaW5pbmcgQ2VudHJlcw==";"1"
174;"R.D.M.A";"http://www.justdial.com/Delhi/R-D-M-A-<near>-Vijay-Coloney-Usmanpur-Usmanpur/011PXX11-XX11-120530151024-S3E4_BZDET?xid=RGVsaGkgTWFydGlhbCBBcnQgVHJhaW5pbmcgQ2VudHJlcw==";"1"
175;"Himanshu Art Institute Profess...";"http://www.justdial.com/Delhi/Himanshu-Art-Institute-Professional-Hobby-Centres-Delhi-<near>-Opposite-Bus-Stand--Modi-Nagar/011PX120-X120-120424174851-A9W5_BZDET?xid=RGVsaGkgTWFydGlhbCBBcnQgVHJhaW5pbmcgQ2VudHJlcw==";"1"
176;"Taekwondo sports academy";"http://www.justdial.com/Delhi/Taekwondo-sports-academy-<near>-Fuel-gym-Sainik-Farms/011PXX11-XX11-140621191237-V5Y4_BZDET?xid=RGVsaGkgTWFydGlhbCBBcnQgVHJhaW5pbmcgQ2VudHJlcw==";"1"
177;"New Delhi Aikido";"http://www.justdial.com/Delhi/New-Delhi-Aikido-<near>-Right-Side-Panchsheel-Vhr-Malviya-Nagar/011PS004022_BZDET?xid=RGVsaGkgTWFydGlhbCBBcnQgVHJhaW5pbmcgQ2VudHJlcw==";"1"
178;"Suman Gogi";"http://www.justdial.com/Delhi/Suman-Gogi-<near>-Malviya-Nagar/011P85909_BZDET?xid=RGVsaGkgTWFydGlhbCBBcnQgVHJhaW5pbmcgQ2VudHJlcw==";"1"
179;"Delhi Taekwondo Training Academy";"http://www.justdial.com/Delhi/Delhi-Taekwondo-Training-Academy-<near>-near-saket-metro-Saket/011PXX11-XX11-140807150042-C4T1_BZDET?xid=RGVsaGkgTWFydGlhbCBBcnQgVHJhaW5pbmcgQ2VudHJlcw==";"1"
180;"The Vayayam Club";"http://www.justdial.com/delhi/The-Vayayam-Club-<near>-ashok-vihat-2-Chandni-Chowk/011PXX11-XX11-100119120733-Y9A8_BZDET?xid=RGVsaGkgTWFydGlhbCBBcnQgVHJhaW5pbmcgQ2VudHJlcw==";"1"
181;"Delhi Kungfu Club";"http://www.justdial.com/Delhi/Delhi-Kungfu-Club-<near>-Near-Green-Park-Metro-Station-Safdarjung-Enclave-or-Rk-Khanna-Tennis-Stadium-Deer-Park-Opposite-Safdarjung-Enclave/011PXX11-XX11-130625171533-P5I9_BZDET?xid=RGVsaGkgTWFydGlhbCBBcnQgVHJhaW5pbmcgQ2VudHJlcw==";"1"
182;"Kombat Fitness Academy";"http://www.justdial.com/Delhi/Kombat-Fitness-Academy-<near>-Hauz-Khas/011PXX11-XX11-120118190352-G7D4_BZDET?xid=RGVsaGkgTWFydGlhbCBBcnQgVHJhaW5pbmcgQ2VudHJlcw==";"1"
183;"Institute of Martial Arts";"http://www.justdial.com/delhi/Institute-of-Martial-Arts-<near>-Below-HDFC-Bank-Hauz-Khas/011PXX11-XX11-151103144653-C1I1_BZDET?xid=RGVsaGkgTWFydGlhbCBBcnQgVHJhaW5pbmcgQ2VudHJlcw==";"1"
184;"Goldi taekando";"http://www.justdial.com/Delhi/Goldi-taekando-<near>-Katwaria-Sarai/011PXX11-XX11-140912181048-J9Z7_BZDET?xid=RGVsaGkgTWFydGlhbCBBcnQgVHJhaW5pbmcgQ2VudHJlcw==";"1"
185;"Tong IL Moo Do Association";"http://www.justdial.com/Delhi/Tong-IL-Moo-Do-Association-<near>-Na-Info-Solution-Loni/011PXX11-XX11-120628122517-H5Y4_BZDET?xid=RGVsaGkgTWFydGlhbCBBcnQgVHJhaW5pbmcgQ2VudHJlcw==";"1"
186;"BLACK TAEK.";"http://www.justdial.com/Delhi/BLACK-TAEK--<near>-Nanda-Hospital--Chattarpur/011PXX11-XX11-141016184827-P2N2_BZDET?xid=RGVsaGkgTWFydGlhbCBBcnQgVHJhaW5pbmcgQ2VudHJlcw==";"1"
187;"Shao Lin Martial Arts";"http://www.justdial.com/Delhi/Shao-Lin-Martial-Arts-<near>-Nr-Maharaja-Arts-Lado-Sarai-Mehrauli/011P1227273154Y3N5K4_BZDET?xid=RGVsaGkgTWFydGlhbCBBcnQgVHJhaW5pbmcgQ2VudHJlcw==";"1"
188;"Delhi Fight Club";"http://www.justdial.com/Delhi/Delhi-Fight-Club-<near>-Take-Road-Opposite-Pillar-147-Near-Bakshi-Farm-Ghitorni/011PXX11-XX11-120609230453-W9I7_BZDET?xid=RGVsaGkgTWFydGlhbCBBcnQgVHJhaW5pbmcgQ2VudHJlcw==";"1"
189;"Abdul Samad Martial Art";"http://www.justdial.com/Delhi/Abdul-Samad-Martial-Art-<near>-Khirki-Extension--Malviya-Nagar/011PXX11-XX11-110819134544-J7N3_BZDET?xid=RGVsaGkgTWFydGlhbCBBcnQgVHJhaW5pbmcgQ2VudHJlcw==";"1"
190;"Extreme Martial Arts";"http://www.justdial.com/Delhi/Extreme-Martial-Arts-<near>-Hanuman-Mandir-Munirka/011PXX11-XX11-140725193103-R6V6_BZDET?xid=RGVsaGkgTWFydGlhbCBBcnQgVHJhaW5pbmcgQ2VudHJlcw==";"1"
191;"Sachin Gupta";"http://www.justdial.com/Delhi/Sachin-Gupta-<near>-Munirka/011PXX11-XX11-141025130027-Z7G5_BZDET?xid=RGVsaGkgTWFydGlhbCBBcnQgVHJhaW5pbmcgQ2VudHJlcw==";"1"
192;"Dany Martial Arts";"http://www.justdial.com/Delhi/Dany-Martial-Arts-<near>-North-Moti-Bagh-F-Block-Moti-Bagh/011PXX11-XX11-131229004508-A1A6_BZDET?xid=RGVsaGkgTWFydGlhbCBBcnQgVHJhaW5pbmcgQ2VudHJlcw==";"1"
193;"Aerobic & Kick Boxing";"http://www.justdial.com/Delhi/Aerobic-Kick-Boxing-<near>-Safdarjung-Enclave-Vasant-Vihar/011PXX11-XX11-100308192337-H7T7_BZDET?xid=RGVsaGkgTWFydGlhbCBBcnQgVHJhaW5pbmcgQ2VudHJlcw==";"1"
194;"Tiger Takewondo Club";"http://www.justdial.com/Delhi/Tiger-Takewondo-Club-<near>-Ramjas-Anand-Parbat/011PXX11-XX11-111116132731-A3F1_BZDET?xid=RGVsaGkgTWFydGlhbCBBcnQgVHJhaW5pbmcgQ2VudHJlcw==";"1"
196;"International Karate Federatio...";"http://www.justdial.com/Delhi/International-Karate-Federation-India-<near>-Model-Town/011PXX11-XX11-140920174259-Z3M3_BZDET?xid=RGVsaGkgTWFydGlhbCBBcnQgVHJhaW5pbmcgQ2VudHJlcw==";"1"
197;"Beauty craft center";"http://www.justdial.com/delhi/Beauty-craft-center-<near>-near-post-office-Ashok-Vihar-I-Ashok-Vihar/011PXX11-XX11-151024140951-F5R2_BZDET?xid=RGVsaGkgTWFydGlhbCBBcnQgVHJhaW5pbmcgQ2VudHJlcw==";"1"
198;"olympia martial art academy";"http://www.justdial.com/Delhi/olympia-martial-art-academy-<near>-shiv-mandir-Sant-Nagar/011PXX11-XX11-140812130037-I2H6_BZDET?xid=RGVsaGkgTWFydGlhbCBBcnQgVHJhaW5pbmcgQ2VudHJlcw==";"1"
199;"PriceODeal Services Private Li...";"http://www.justdial.com/Delhi/PriceODeal-Services-Private-Limited-<near>-Near-Metro-Station-Majlis-Park-Adarsh-Nagar/011PXX11-XX11-150212140054-U8P7_BZDET?xid=RGVsaGkgTWFydGlhbCBBcnQgVHJhaW5pbmcgQ2VudHJlcw==";"1"
201;"Yoga Therapy For All";"http://www.justdial.com/Delhi/Yoga-Therapy-For-All-<near>-Near-Prabhu-Dayal-School-Shalimar-Bagh/011PXX11-XX11-140212211531-D7M3_BZDET?xid=RGVsaGkgTWFydGlhbCBBcnQgVHJhaW5pbmcgQ2VudHJlcw==";"1"
202;"Maximum Strength Karate Class";"http://www.justdial.com/Delhi/Maximum-Strength-Karate-Class-<near>-Burari/011PXX11-XX11-130930194144-F2K5_BZDET?xid=RGVsaGkgTWFydGlhbCBBcnQgVHJhaW5pbmcgQ2VudHJlcw==";"1"
203;"Black Belt Dojang";"http://www.justdial.com/Delhi/Black-Belt-Dojang-<near>-Rangpuri-road-labour-chock-Mahipalpur/011PXX11-XX11-150827163229-L2A4_BZDET?xid=RGVsaGkgTWFydGlhbCBBcnQgVHJhaW5pbmcgQ2VudHJlcw==";"1"
205;"Academy Of Combative Arts";"http://www.justdial.com/Delhi/Academy-Of-Combative-Arts-<near>-Om-Sweets-Hari-Nagar/011PXX11-XX11-150129213020-F6V6_BZDET?xid=RGVsaGkgTWFydGlhbCBBcnQgVHJhaW5pbmcgQ2VudHJlcw==";"1"
206;"Karate Mixed Martial Arts Kick...";"http://www.justdial.com/Delhi/Karate-Mixed-Martial-Arts-Kickboxing-Classes-<near>-Rajouri-Garden-Metro-Station-Rajouri-Garden/011PXX11-XX11-141121173031-V7U6_BZDET?xid=RGVsaGkgTWFydGlhbCBBcnQgVHJhaW5pbmcgQ2VudHJlcw==";"1"
207;"Shri Akal Shatra Vidya Academy";"http://www.justdial.com/Delhi/Shri-Akal-Shatra-Vidya-Academy-<near>-Singh-Sabha-Gurudwara-Hari-Nagar/011PXX11-XX11-130102171418-Q8M5_BZDET?xid=RGVsaGkgTWFydGlhbCBBcnQgVHJhaW5pbmcgQ2VudHJlcw==";"1"
208;"Sensei Ashwani Yadav Karate Cl...";"http://www.justdial.com/Delhi/Sensei-Ashwani-Yadav-Karate-Classes-<near>-Near-gurdwara-Pitampura/011PXX11-XX11-150616174103-R8K4_BZDET?xid=RGVsaGkgTWFydGlhbCBBcnQgVHJhaW5pbmcgQ2VudHJlcw==";"1"
209;"LU Tran Kung-FU Association";"http://www.justdial.com/Delhi/LU-Tran-Kung-FU-Association-<near>-Near-Bharti-College-District-Park-Janakpuri/011PXX11-XX11-110204181758-X7K1_BZDET?xid=RGVsaGkgTWFydGlhbCBBcnQgVHJhaW5pbmcgQ2VudHJlcw==";"1"
210;"Abin Academy Of Martial Arts";"http://www.justdial.com/Delhi/Abin-Academy-Of-Martial-Arts-<near>-Opposite-Neelkanth-Hospital-Dlf-City-Phase-III-Gurgaon/011PXX11-XX11-100630172524-A2J7_BZDET?xid=RGVsaGkgTWFydGlhbCBBcnQgVHJhaW5pbmcgQ2VudHJlcw==";"1"
211;"Tachi Judo Club";"http://www.justdial.com/Delhi/Tachi-Judo-Club-<near>-Tagore-Garden/011PXX11-XX11-140710190819-R1B4_BZDET?xid=RGVsaGkgTWFydGlhbCBBcnQgVHJhaW5pbmcgQ2VudHJlcw==";"1"
212;"Buddha martal art fedration";"http://www.justdial.com/Delhi/Buddha-martal-art-fedration-<near>-Pitampura-Metro-Station-Pitampura/011PXX11-XX11-130320120001-M4R5_BZDET?xid=RGVsaGkgTWFydGlhbCBBcnQgVHJhaW5pbmcgQ2VudHJlcw==";"1"
213;"Fitness Kick Off";"http://www.justdial.com/Delhi/Fitness-Kick-Off-<near>-Opposite-Central-School-Pitampura/011PXX11-XX11-150103130111-E1J2_BZDET?xid=RGVsaGkgTWFydGlhbCBBcnQgVHJhaW5pbmcgQ2VudHJlcw==";"1"
214;"Nava Buddha Sports Federation";"http://www.justdial.com/Delhi/Nava-Buddha-Sports-Federation-<near>-Near-Rama-Market-Pitampura/011PXX11-XX11-130228120418-K2U3_BZDET?xid=RGVsaGkgTWFydGlhbCBBcnQgVHJhaW5pbmcgQ2VudHJlcw==";"1"
215;"Simna Martial Arts Org";"http://www.justdial.com/Delhi/Simna-Martial-Arts-Org-<near>-Nr-Mazjid-Rd-Jagdamba-Vihar-Sagarpur-West/011PXX11-XX11-111110103748-R3I4_BZDET?xid=RGVsaGkgTWFydGlhbCBBcnQgVHJhaW5pbmcgQ2VudHJlcw==";"1"
216;"Career Matrix";"http://www.justdial.com/delhi/Career-Matrix-<near>-Near-Rohini-West-Metro-Station-Opposite-Metro-Pilar-Number-425-Rohini/011PXX11-XX11-150826125923-P4I3_BZDET?xid=RGVsaGkgTWFydGlhbCBBcnQgVHJhaW5pbmcgQ2VudHJlcw==";"1"
217;"kickboxingf1";"http://www.justdial.com/Delhi/kickboxingf1-<near>-shemrock-pre-school-Mahavir-Enclave/011PXX11-XX11-140223210031-L2I8_BZDET?xid=RGVsaGkgTWFydGlhbCBBcnQgVHJhaW5pbmcgQ2VudHJlcw==";"1"
218;"the biggest gym";"http://www.justdial.com/Delhi/the-biggest-gym-<near>-vaypar-kendra-Gurgaon/011PXX11-XX11-140503132828-B1H5_BZDET?xid=RGVsaGkgTWFydGlhbCBBcnQgVHJhaW5pbmcgQ2VudHJlcw==";"1"
220;"Martial Arts & Fitness Trainin...";"http://www.justdial.com/Delhi/Martial-Arts-Fitness-Training-Bureau-<near>-BACK-SIDE-ST-MATHEWS-SCHOOL-Paschim-Vihar/011PXX11-XX11-130204140115-T9F4_BZDET?xid=RGVsaGkgTWFydGlhbCBBcnQgVHJhaW5pbmcgQ2VudHJlcw==";"1"
221;"Self Defence Fitness Council";"http://www.justdial.com/delhi/Self-Defence-Fitness-Council-<near>-Behind-Janak-Picture-Hall-Janakpuri/011PXX11-XX11-150701115310-B3I4_BZDET?xid=RGVsaGkgTWFydGlhbCBBcnQgVHJhaW5pbmcgQ2VudHJlcw==";"1"
222;"Sanshinkan Martial Arts & Fitn...";"http://www.justdial.com/Delhi/Sanshinkan-Martial-Arts-Fitness-Pvt-Ltd-<near>-Gurgaon-Sector-56/011PXX11-XX11-130401001331-F9W5_BZDET?xid=RGVsaGkgTWFydGlhbCBBcnQgVHJhaW5pbmcgQ2VudHJlcw==";"1"
223;"Fitness With Martial Arts";"http://www.justdial.com/Delhi/Fitness-With-Martial-Arts-<near>-Rohini-Sector-11/011PXX11-XX11-110816175402-D6M7_BZDET?xid=RGVsaGkgTWFydGlhbCBBcnQgVHJhaW5pbmcgQ2VudHJlcw==";"1"
224;"O Sport Federation Of India";"http://www.justdial.com/Delhi/O-Sport-Federation-Of-India-<near>-Delhi-Police-Society-Vijeta-Vihar-Rohini-Sector-13/011PXX11-XX11-110702175725-F9M8_BZDET?xid=RGVsaGkgTWFydGlhbCBBcnQgVHJhaW5pbmcgQ2VudHJlcw==";"1"
225;"Luthran Kunfu Association";"http://www.justdial.com/Delhi/Luthran-Kunfu-Association-<near>-Near-By-Saint-Mark-School-Meera-Bagh/011PXX11-XX11-120807075012-K3A3_BZDET?xid=RGVsaGkgTWFydGlhbCBBcnQgVHJhaW5pbmcgQ2VudHJlcw==";"1"
226;"Elemention Health Club";"http://www.justdial.com/delhi/Elemention-Health-Club-<near>-Near-Before-Suncity-Gurgaon/011PXX11-XX11-151031200745-L1C1_BZDET?xid=RGVsaGkgTWFydGlhbCBBcnQgVHJhaW5pbmcgQ2VudHJlcw==";"1"
227;"Evening Home School";"http://www.justdial.com/Delhi/Evening-Home-School-<near>-Near-District-Center-Vikaspuri/011PXX11-XX11-131123145204-P5P2_BZDET?xid=RGVsaGkgTWFydGlhbCBBcnQgVHJhaW5pbmcgQ2VudHJlcw==";"1"
228;"Shan Mixed Martial Art & Fitne...";"http://www.justdial.com/Delhi/Shan-Mixed-Martial-Art-Fitness-Pvt-Ltd--<near>-Oppo-Chanan-Devi-Hospital-Uttam-Nagar/011PXX11-XX11-130530180401-S2D7_BZDET?xid=RGVsaGkgTWFydGlhbCBBcnQgVHJhaW5pbmcgQ2VudHJlcw==";"1"
229;"Fitness Xperts Group";"http://www.justdial.com/Delhi/Fitness-Xperts-Group-<near>-Dwarka/011PXX11-XX11-090425165642-E1Y3_BZDET?xid=RGVsaGkgTWFydGlhbCBBcnQgVHJhaW5pbmcgQ2VudHJlcw==";"1"
231;"Self Defence Martial Art And P...";"http://www.justdial.com/Delhi/Self-Defence-Martial-Art-And-Physical-Fitness-<near>-behind-rohini-coat-Rohini/011PXX11-XX11-140326134907-N9K8_BZDET?xid=RGVsaGkgTWFydGlhbCBBcnQgVHJhaW5pbmcgQ2VudHJlcw==";"1"
232;"Goel Art & Crafts";"http://www.justdial.com/Delhi/Goel-Art-Crafts-<near>-Rohini/011PXX11-XX11-140518100052-R6Y2_BZDET?xid=RGVsaGkgTWFydGlhbCBBcnQgVHJhaW5pbmcgQ2VudHJlcw==";"1"
233;"Kungfu Academy";"http://www.justdial.com/Delhi/Kungfu-Academy-<near>-Bh-Jm-International-School-Nr-MTNL-Office-Dwarka-Sector-6/011PXX11-XX11-110903160435-Q3G2_BZDET?xid=RGVsaGkgTWFydGlhbCBBcnQgVHJhaW5pbmcgQ2VudHJlcw==";"1"
234;"Delhi Karate N Physical Fitness";"http://www.justdial.com/Delhi/Delhi-Karate-N-Physical-Fitness-<near>-Near-Gurudwara-near-japani-park-Rohini-Sector-11/011PK041364_BZDET?xid=RGVsaGkgTWFydGlhbCBBcnQgVHJhaW5pbmcgQ2VudHJlcw==";"1"
235;"Sanshinkan Karate International";"http://www.justdial.com/Delhi/Sanshinkan-Karate-International-<near>-Nr-Kr-Manglam-School-Vikaspuri/011PXX11-XX11-090509095820-B2X1_BZDET?xid=RGVsaGkgTWFydGlhbCBBcnQgVHJhaW5pbmcgQ2VudHJlcw==";"1"
236;"Anand Kumar";"http://www.justdial.com/Delhi/Anand-Kumar-<near>-Opposite-Mother-Divine-School-Rohini-Sector-4/011PXX11-XX11-090726160001-K7U2_BZDET?xid=RGVsaGkgTWFydGlhbCBBcnQgVHJhaW5pbmcgQ2VudHJlcw==";"1"
237;"Varma Kalai";"http://www.justdial.com/Delhi/Varma-Kalai-<near>-Dwarka-Sector-10/011PXX11-XX11-131010173009-C8L7_BZDET?xid=RGVsaGkgTWFydGlhbCBBcnQgVHJhaW5pbmcgQ2VudHJlcw==";"1"
238;"Academy Of Music Cultivation A...";"http://www.justdial.com/Delhi/Academy-Of-Music-Cultivation-And-School-Of-Self-Defence-<near>-Near-Dwarka-Sector-5-Uttam-Nagar/011PXX11-XX11-110219225535-H1E4_BZDET?xid=RGVsaGkgTWFydGlhbCBBcnQgVHJhaW5pbmcgQ2VudHJlcw==";"1"
239;"Shotokan Karate Do Federation ...";"http://www.justdial.com/Delhi/Shotokan-Karate-Do-Federation-Of-India-<near>-Uttam-Nagar/011PXX11-XX11-140819122218-I2X2_BZDET?xid=RGVsaGkgTWFydGlhbCBBcnQgVHJhaW5pbmcgQ2VudHJlcw==";"1"
241;"draggan karrate club delhi";"http://www.justdial.com/Delhi/draggan-karrate-club-delhi-<near>-Ambedkar-Clny-Khera-Khurd-Khera-Kalan/011PXX11-XX11-110906122000-B2X6_BZDET?xid=RGVsaGkgTWFydGlhbCBBcnQgVHJhaW5pbmcgQ2VudHJlcw==";"1"
242;"Shaolin Kung Fu School";"http://www.justdial.com/Delhi/Shaolin-Kung-Fu-School-<near>-Sec-6-Dwarka/011PXX11-XX11-091226144118-K5B8_BZDET?xid=RGVsaGkgTWFydGlhbCBBcnQgVHJhaW5pbmcgQ2VudHJlcw==";"1"
243;"Shri Martial Arts Academy";"http://www.justdial.com/Delhi/Shri-Martial-Arts-Academy-<near>-Nilothi-Extension-Near-Chander-Vihar-Shivram-Park-Nilothi/011PXX11-XX11-120220180039-K5Y9_BZDET?xid=RGVsaGkgTWFydGlhbCBBcnQgVHJhaW5pbmcgQ2VudHJlcw==";"1"
244;"Budo Martial Academy";"http://www.justdial.com/Delhi/Budo-Martial-Academy-<near>-Udyog-Vihar-PH-2-Gurgaon/011PXX11-XX11-100528154020-P8F7_BZDET?xid=RGVsaGkgTWFydGlhbCBBcnQgVHJhaW5pbmcgQ2VudHJlcw==";"1"
245;"Sai Carate Planet";"http://www.justdial.com/Delhi/Sai-Carate-Planet-<near>-Jal-Vihar-Road-Gurgaon/011PXX11-XX11-110926140614-Y5T7_BZDET?xid=RGVsaGkgTWFydGlhbCBBcnQgVHJhaW5pbmcgQ2VudHJlcw==";"1"
246;"Karate Planet";"http://www.justdial.com/Delhi/Karate-Planet-<near>-Opposite-SBI-Bank-Gurgaon-Ho/011PXX11-XX11-140910114507-W1S9_BZDET?xid=RGVsaGkgTWFydGlhbCBBcnQgVHJhaW5pbmcgQ2VudHJlcw==";"1"
247;"The Royal Academy";"http://www.justdial.com/Delhi/The-Royal-Academy-<near>-Nr-hanuman-mandir-Nangloi/011PXX11-XX11-150517140101-G8C3_BZDET?xid=RGVsaGkgTWFydGlhbCBBcnQgVHJhaW5pbmcgQ2VudHJlcw==";"1"
248;"Fitten Martial Art Academy";"http://www.justdial.com/Delhi/Fitten-Martial-Art-Academy-<near>-Old-Dlf-Colony-Near-Sector-14-Market-Gurgaon-Sector-14/011PXX11-XX11-150731165326-C1B9_BZDET?xid=RGVsaGkgTWFydGlhbCBBcnQgVHJhaW5pbmcgQ2VudHJlcw==";"1"
249;"School Of Shotokan Karate Do";"http://www.justdial.com/Delhi/School-Of-Shotokan-Karate-Do-<near>-Sec-22-Palam-Vihar/011PS001837_BZDET?xid=RGVsaGkgTWFydGlhbCBBcnQgVHJhaW5pbmcgQ2VudHJlcw==";"1"
250;"Triple Dragon Martial Art Academy";"http://www.justdial.com/Delhi/Triple-Dragon-Martial-Art-Academy-<near>-In-Front-Of-Post-Office-Najafgarh/011PXX11-XX11-130528133850-A4X2_BZDET?xid=RGVsaGkgTWFydGlhbCBBcnQgVHJhaW5pbmcgQ2VudHJlcw==";"1"
251;"Stringent School Of Performing...";"http://www.justdial.com/Delhi/Stringent-School-Of-Performing-Arts-<near>-Near-Pillar-Number-764-Uttam-Nagar/011PXX11-XX11-150214163003-A8I4_BZDET?xid=RGVsaGkgTWFydGlhbCBBcnQgVHJhaW5pbmcgQ2VudHJlcw==";"1"
252;"Crazy Shredz";"http://www.justdial.com/Delhi/Crazy-Shredz-<near>-Sector-50-Near-Hilton-Garden-Inn-Mayfields-Garden-South-City-2/011PXX11-XX11-150619231310-P5H8_BZDET?xid=RGVsaGkgTWFydGlhbCBBcnQgVHJhaW5pbmcgQ2VudHJlcw==";"1"
253;"Young India Martial Art";"http://www.justdial.com/Delhi/Young-India-Martial-Art-<near>-Near-Mata-Chintapurni-Mandir-Gurgaon-Sector-4/011PXX11-XX11-150806174210-C7E7_BZDET?xid=RGVsaGkgTWFydGlhbCBBcnQgVHJhaW5pbmcgQ2VudHJlcw==";"1"
254;"Jahanara  sewing & beautician ...";"http://www.justdial.com/Delhi/Jahanara-sewing-beautician-centre-<near>-Near-dda-flat-Narela/011PXX11-XX11-150914122537-P8R3_BZDET?xid=RGVsaGkgTWFydGlhbCBBcnQgVHJhaW5pbmcgQ2VudHJlcw==";"1"
255;"Bhrat Taekwando & self defence...";"http://www.justdial.com/Delhi/Bhrat-Taekwando-self-defence-training-center-<near>-near-gas-godown-Basai-Road/011PXX11-XX11-150630133952-C4C9_BZDET?xid=RGVsaGkgTWFydGlhbCBBcnQgVHJhaW5pbmcgQ2VudHJlcw==";"1"
256;"Martial Arts Academy";"http://www.justdial.com/Delhi/Martial-Arts-Academy-<near>-Karala/011PXX11-XX11-140222184708-M6V6_BZDET?xid=RGVsaGkgTWFydGlhbCBBcnQgVHJhaW5pbmcgQ2VudHJlcw==";"1"
257;"Leo Karate Classes";"http://www.justdial.com/Delhi/Leo-Karate-Classes-<near>-Near-ESIC-Hospital-Gurgaon-Sector-9a/011PXX11-XX11-150805115305-H3Y5_BZDET?xid=RGVsaGkgTWFydGlhbCBBcnQgVHJhaW5pbmcgQ2VudHJlcw==";"1"
268;"Say Fitness";"http://www.justdial.com/delhi/Say-Fitness-<near>-Opposite-Tagore-International-School-Lajpat-Nagar-4-Lajpat-Nagar/011PXX11-XX11-130313122901-V5E2_BZDET?xid=RGVsaGkgTWFydGlhbCBBcnQgVHJhaW5pbmcgQ2VudHJlcyBOb2lkYQ==";"1"
275;"Altius Games & Sports Fedra...";"http://www.justdial.com/Delhi/Altius-Games-Sports-Fedration-Of-India-<near>-Arya-Nagar-Near-Karkardooma-Metro-Station-Dayanand-Vihar-Anand-Vihar/011PXX11-XX11-120903182908-P8Z1_BZDET?xid=RGVsaGkgTWFydGlhbCBBcnQgVHJhaW5pbmcgQ2VudHJlcyBOb2lkYQ==";"1"
282;"Crime Check India Krav Maga";"http://www.justdial.com/Delhi/Crime-Check-India-Krav-Maga-<near>-Enter-From-Gate-No-1-Of-Lodhi-Garden-Opposite-To-Mausam-Bhavan-Lodhi-Road/011PXX11-XX11-140426173243-N4G7_BZDET?xid=RGVsaGkgTWFydGlhbCBBcnQgVHJhaW5pbmcgQ2VudHJlcyBOb2lkYQ==";"1"
283;"Jet Lees Fight Club";"http://www.justdial.com/Delhi/Jet-Lees-Fight-Club-<near>-Near-Bhajanpura-Petrol-Pump-Yamuna-Vihar/011PXX11-XX11-120720185219-L6H3_BZDET?xid=RGVsaGkgTWFydGlhbCBBcnQgVHJhaW5pbmcgQ2VudHJlcyBOb2lkYQ==";"1"
287;"Sn Fitness Studio";"http://www.justdial.com/Delhi/Sn-Fitness-Studio-<near>-Opposite-Vyapar-Kendra-Gurgaon-Sector-43/011PXX11-XX11-150422184537-Y6V2_BZDET?xid=RGVsaGkgTWFydGlhbCBBcnQgVHJhaW5pbmcgQ2VudHJlcyBOb2lkYQ==";"1"
292;"Excel Taekwondo And Self De...";"http://www.justdial.com/delhi/Excel-Taekwondo-And-Self-Defence-Academy-<near>-near-malviya-nagar-metro-station-Gurgaon/011PXX11-XX11-140423110519-M8P8_BZDET?xid=RGVsaGkgTWFydGlhbCBBcnQgVHJhaW5pbmcgQ2VudHJlcyBOb2lkYQ==";"1"
294;"Knock out Martial art and f...";"http://www.justdial.com/Delhi/Knock-out-Martial-art-and-fitness-<near>-Opposite-POLKA-BAKERY-Janakpuri/011PXX11-XX11-150130115419-P6Q2_BZDET?xid=RGVsaGkgTWFydGlhbCBBcnQgVHJhaW5pbmcgQ2VudHJlcyBOb2lkYQ==";"1"
297;"Realistic Fitness World Bla...";"http://www.justdial.com/Delhi/Realistic-Fitness-World-Black-Belt-India-<near>-Near-Paschim-Vihar-East-Metro-Station-And-Opposite-Pillar-No-218-Multan-Nagar-Paschim-Vihar/011PXX11-XX11-140306010031-R5X7_BZDET?xid=RGVsaGkgTWFydGlhbCBBcnQgVHJhaW5pbmcgQ2VudHJlcyBOb2lkYQ==";"1"
299;"Fearout MMA & Fitness";"http://www.justdial.com/Delhi/Fearout-MMA-Fitness-<near>-Near-Uttam-Nagar-East-Metro-Station-And-Pillar-Number-637-Janakpuri/011PXX11-XX11-150723161537-S7E8_BZDET?xid=RGVsaGkgTWFydGlhbCBBcnQgVHJhaW5pbmcgQ2VudHJlcyBOb2lkYQ==";"1"
300;"Sports Martial Art Academy";"http://www.justdial.com/Delhi/Sports-Martial-Art-Academy-<near>-Aaryan-International-School-Uttam-Nagar/011PXX11-XX11-120825164443-W5K6_BZDET?xid=RGVsaGkgTWFydGlhbCBBcnQgVHJhaW5pbmcgQ2VudHJlcyBOb2lkYQ==";"1"
301;"Sampurna Art Academy";"http://www.justdial.com/Delhi/Sampurna-Art-Academy-<near>-Near-Subzi-Mandi-Rohini-Sector-1/011PXX11-XX11-140308181042-G3I1_BZDET?xid=RGVsaGkgTWFydGlhbCBBcnQgVHJhaW5pbmcgQ2VudHJlcyBOb2lkYQ==";"1"
323;"Look me";"http://www.justdial.com/Delhi/Look-me-<near>-Backend-of-aggrawal-sweets-Kalkaji-Extension/011PXX11-XX11-131017112906-M9N3_BZDET?xid=RGVsaGkgTWFydGlhbCBBcnQgVHJhaW5pbmcgQ2VudHJlcyBOb2lkYQ==";"1"
447;"SAN-Shin-KEN Martial Art & Fit...";"http://www.justdial.com/Delhi/SAN-Shin-KEN-Martial-Art-Fitness-PVT-LTD--<near>-Near-Uttam-Nagar-East-Metro-station-piller-no-637-Janakpuri/011PXX11-XX11-120517102231-C8V3_BZDET?xid=RGVsaGkgTWFydGlhbCBBcnQgVHJhaW5pbmcgQ2VudHJlcyBOb2lkYQ==";"1"
457;"Karate India";"http://www.justdial.com/Delhi/Karate-India-<near>-Old-Mahavir-Nagar-Nr-Janak-Puri-East-Metro-Station-Janakpuri/011PXX11-XX11-110627083153-E6V7_BZDET?xid=RGVsaGkgTWFydGlhbCBBcnQgVHJhaW5pbmcgQ2VudHJlcyBOb2lkYQ==";"1"
468;"Bhrat Taekwondo & Self Defence...";"http://www.justdial.com/Delhi/Bhrat-Taekwondo-Self-Defence-Academy-<near>-Near-Air-Force-School-Rajiv-Nagar/011PX124-X124-130313221533-B4A9_BZDET?xid=RGVsaGkgTWFydGlhbCBBcnQgVHJhaW5pbmcgQ2VudHJlcyBOb2lkYQ==";"1"
493;"Lucky Lehnga";"http://www.justdial.com/Delhi/Lucky-Lehnga-<near>-Rohini-Sector-7/011PXX11-XX11-120314073247-I2D4_BZDET?xid=RGVsaGkgTWFydGlhbCBBcnQgVHJhaW5pbmcgQ2VudHJlcyBOb2lkYQ==";"1"
594;"WORLD TAEKWONDO FEDERATION(WTF)";"http://www.justdial.com/Delhi/WORLD-TAEKWONDO-FEDERATION(WTF)-<near>-Nr-lawn-ya-hospital-Chattarpur/011PXX11-XX11-121227140838-R3J7_BZDET?xid=RGVsaGkgTWFydGlhbCBBcnQgVHJhaW5pbmcgQ2VudHJlcyBHdXJnYW9u";"1"
610;"Mixed Martial Arts & Fitness";"http://www.justdial.com/Delhi/Mixed-Martial-Arts-Fitness-<near>-Aakash-institute-Uttam-Nagar-East-Metro-station-piller-no-637-Janakpuri/011PXX11-XX11-130228095231-P6Q6_BZDET?xid=RGVsaGkgTWFydGlhbCBBcnQgVHJhaW5pbmcgQ2VudHJlcyBHdXJnYW9u";"1"
1126;"Thomas Kids International";"http://www.justdial.com/Delhi/Thomas-Kids-International-<near>-Near-Sanatan-Dharm-Mandir-Jangpura/011PXX11-XX11-111205124224-D7C8_BZDET?xid=RGVsaGkgTWFydGlhbCBBcnQgVHJhaW5pbmcgQ2VudHJlcyBHaGF6aWFiYWQ=";"1"
